<?xml version="1.0" encoding="UTF-8"?>
<!DOCTYPE generatorConfiguration
        PUBLIC "-//mybatis.org//DTD MyBatis Generator Configuration 1.0//EN"
        "http://mybatis.org/dtd/mybatis-generator-config_1_0.dtd">

<generatorConfiguration>
    <context id="MysqlContext" targetRuntime="MyBatis3Simple" defaultModelType="flat">
        <property name="beginningDelimiter" value="`"/>
        <property name="endingDelimiter" value="`"/>

        <!-- 通用mapper所在目录 -->
        <plugin type="tk.mybatis.mapper.generator.MapperPlugin">
            <property name="mappers" value="com.example.thrd.my.mapper.MyMapper"/>
        </plugin>

        <plugin type="org.mybatis.generator.plugins.SerializablePlugin" />

        <jdbcConnection driverClass="com.mysql.cj.jdbc.Driver"
                        connectionURL="jdbc:mysql://192.168.179.101:3306/thrd3?
                    useUnicode=true&amp;
                    characterEncoding=utf-8&amp;
                    useSSL=true&amp;
                    useJDBCCompliantTimezoneShift=true&amp;
                    useLegacyDatetimeCode=false&amp;
                    serverTimezone=Hongkong"

                        userId="root"
                        password="pw123456">
            <property name="nullCatalogMeansCurrent" value="true"/>
        </jdbcConnection>

        <!-- 对应生成的pojo所在包 -->
        <javaModelGenerator targetPackage="com.example.thrd.pojo" targetProject="./src/main/java"/>

		<!-- 对应生成的mapper所在目录 mapper src/main/resources/mapper -->
        <sqlMapGenerator targetPackage="mapper" targetProject="./src/main/resources"/>

		<!-- 配置mapper对应的java映射 -->
        <javaClientGenerator targetPackage="com.example.thrd.mapper" targetProject="./src/main/java" type="XMLMAPPER"/>

        <!-- 数据库表 -->
        <table  tableName="th_advert">
            <property name="useActualColumnNames" value="true"/>
        </table>





    </context>
</generatorConfiguration>